Weekly_Max_VRP_TIR (MW),Brightness_Temperature (K)
106.234439429453,75.2444168509816
99.3563928314395,74.94403764023217
92.4783462334258,74.62475222606413
110.008148963732,75.40201953837898
