Weekly_Max_VRP_TIR (MW),Brightness_Temperature (K)
300.673841643464,80.24337545329165
296.349632419393,80.16921460494163
292.025423195322,80.09410362531514
303.255098778198,80.28720213295495
