Weekly_Max_VRP_TIR (MW),Brightness_Temperature (K)
426.546629107083,82.07620291669953
416.403514829119,81.94738457566787
406.260400551154,81.81580812720058
396.11728627319,81.68134269096372
