Weekly_Max_VRP_TIR (MW),Brightness_Temperature (K)
652.546983318564,84.42056299551807
629.552346918931,84.21759039845827
606.557710519298,84.00809313208197
583.563074119665,83.79159902452841
