Weekly_Max_VRP_TIR (MW),Brightness_Temperature (K)
656.643467368231,84.45607080468271
721.530892517463,84.9943822061294
698.53625611783,84.80859294894354
675.541619718197,84.61743588090704
