Weekly_Max_VRP_TIR (MW),Brightness_Temperature (K)
752.254101118648,85.23478379449031
758.54541912326,85.28296207883668
777.829595726858,85.4285169330388
724.053356447971,85.01445001043402
