Weekly_Max_VRP_TIR (MW),Brightness_Temperature (K)
308.665864336251,80.37802460950522
294.104976807411,80.13034546569673
256.508559766746,79.43750463150951
281.42440736158,79.90577547614794
