Weekly_Max_VRP_TIR (MW),Brightness_Temperature (K)
177.026141183935,77.61777364014972
125.463283024266,76.00153407658838
128.626938674235,76.116179854168
113.112486027467,75.52813953526045
