Weekly_Max_VRP_TIR (MW),Brightness_Temperature (K)
2249.52455926755,92.07612717894186
1845.36976108904,90.75910514381427
1441.21496291053,89.16713038437916
