Weekly_Max_VRP_TIR (MW),Brightness_Temperature (K)
105.311992731367,75.20514375096774
109.288869857976,75.37235098695487
55.9282076546332,72.46065522313756
62.8632515074413,72.9523945742031
