Weekly_Max_VRP_TIR (MW),Brightness_Temperature (K)
139.683582027643,76.49829598994721
134.010697555381,76.30570135061058
97.3582384781491,74.85334112194049
101.335115604758,75.03228268029808
