Weekly_Max_VRP_TIR (MW),Brightness_Temperature (K)
240.821705814772,79.12186454345564
241.342433542881,79.13262679303897
252.758860067424,79.36362231346642
243.631495237894,79.17969706923351
