Weekly_Max_VRP_TIR (MW),Brightness_Temperature (K)
382.446765374276,81.49529438544872
386.857636330496,81.5559476290013
391.268507286717,81.61600204066995
322.695055506201,80.60720243202555
