Weekly_Max_VRP_TIR (MW),Brightness_Temperature (K)
115.568750710028,75.62579017057085
112.265988976762,75.49405388239887
124.425937197757,75.96338884542467
136.585885418752,76.39399937320441
