Weekly_Max_VRP_TIR (MW),Brightness_Temperature (K)
248.861009609739,79.28579875823358
211.231417279997,78.47406769229485
230.401562233661,78.90210997694481
231.666996886416,78.92925536243578
