Weekly_Max_VRP_TIR (MW),Brightness_Temperature (K)
456.251788012058,82.43871102553425
451.542322837535,82.3826333585597
446.832857663012,82.32604518242822
436.689743385047,82.20238514883721
