Weekly_Max_VRP_TIR (MW),Brightness_Temperature (K)
384.674011418998,81.52599657057695
465.53657612602,82.54781163300684
373.625023461834,81.37213875992383
378.035894418055,81.43402925967008
