Weekly_Max_VRP_TIR (MW),Brightness_Temperature (K)
498.636974582767,82.92197291510311
493.927509408244,82.8700787611964
489.218044233721,82.81775328020284
484.508579059197,82.76498864037744
