Weekly_Max_VRP_TIR (MW),Brightness_Temperature (K)
184.727497563173,77.82247520789191
171.09447075323,77.45471891558392
198.446903236799,78.16929248864379
199.794662069159,78.2022198954026
