Weekly_Max_VRP_TIR (MW),Brightness_Temperature (K)
248.746801616261,79.28350249035975
153.234658300169,76.93193759035954
169.885353107381,77.42087483905304
161.583579930173,77.18262561065497
