Weekly_Max_VRP_TIR (MW),Brightness_Temperature (K)
70.9829996195132,73.47054734731563
85.4532189409059,74.27625849421389
82.0129724649539,74.09628646453527
100.705041313672,75.00434919629373
