Weekly_Max_VRP_TIR (MW),Brightness_Temperature (K)
242.225961883179,79.1508409541049
244.499537995373,79.19744571267545
246.773114107567,79.2436732523468
249.046690219761,79.28953009096782
