Weekly_Max_VRP_TIR (MW),Brightness_Temperature (K)
232.932431539171,78.9562714069225
234.197866191926,78.98315943062714
235.463300844681,79.00992073322705
236.728735497436,79.03655659428316
