Weekly_Max_VRP_TIR (MW),Brightness_Temperature (K)
201.142420901518,78.23495340058537
211.58056842843,78.48216234859913
222.018715955342,78.71891992188658
232.456863482253,78.94613348519509
